HOUR,NB_LOAD,NB_DEMAND,ISO_NE,NMISA,QUEBEC,NOVA_SCOTIA,PEI
2016-02-01 00:00,1601,1646,788,-31,-899,63,105
2016-02-01 01:00,1539,1581,791,-37,-877,51,77
2016-02-01 02:00,1506,1538,482,-40,-628,84,53
2016-02-01 03:00,1499,1529,354,-48,-551,105,58
2016-02-01 04:00,1508,1542,436,-45,-635,106,52
2016-02-01 05:00,1529,1563,434,-49,-635,105,79
2016-02-01 06:00,1601,1637,486,-56,-640,60,88
2016-02-01 07:00,1784,1831,514,-48,-777,34,77
2016-02-01 08:00,1970,2032,661,-41,-949,1,87
2016-02-01 09:00,1962,2021,635,-42,-947,48,71
2016-02-01 10:00,1914,1966,631,-36,-919,50,55
2016-02-01 11:00,1878,1929,662,-32,-938,52,18
2016-02-01 12:00,1831,1882,668,-26,-936,147,-1
2016-02-01 13:00,1761,1810,757,-24,-909,120,-11
2016-02-01 14:00,1730,1780,758,-27,-909,119,-8
2016-02-01 15:00,1699,1748,727,-21,-909,119,17
2016-02-01 16:00,1677,1721,580,-29,-814,120,30
2016-02-01 17:00,1725,1774,643,-16,-862,149,28
2016-02-01 18:00,1786,1840,760,-21,-889,148,17
2016-02-01 19:00,1807,1861,767,-24,-889,77,16
2016-02-01 20:00,1804,1858,768,-28,-889,76,13
2016-02-01 21:00,1791,1843,771,-33,-889,99,13
2016-02-01 22:00,1735,1786,767,-38,-889,100,17
2016-02-01 23:00,1652,1701,959,-48,-889,124,12
2016-02-02 00:00,1571,1616,921,-50,-886,122,-18
2016-02-02 01:00,1515,1544,580,-50,-502,27,-30
2016-02-02 02:00,1535,1571,690,-52,-736,58,-21
2016-02-02 03:00,1552,1583,483,-52,-536,36,-26
2016-02-02 04:00,1582,1614,441,-52,-536,62,-17
2016-02-02 05:00,1634,1667,432,-51,-536,60,-13
2016-02-02 06:00,1724,1768,633,-48,-762,35,-11
2016-02-02 07:00,1942,2005,639,-38,-885,34,14
2016-02-02 08:00,2166,2240,620,-37,-953,0,86
2016-02-02 09:00,2149,2223,665,-30,-988,0,73
2016-02-02 10:00,2059,2129,640,-25,-969,0,81
2016-02-02 11:00,2002,2065,600,-22,-968,0,87
2016-02-02 12:00,1962,2021,592,-11,-968,28,82
2016-02-02 13:00,1896,1950,588,-13,-968,0,85
2016-02-02 14:00,1856,1909,593,-13,-968,0,85
2016-02-02 15:00,1814,1866,598,-11,-967,0,80
2016-02-02 16:00,1760,1814,569,-5,-949,0,110
2016-02-02 17:00,1834,1892,575,-3,-948,0,118
2016-02-02 18:00,1964,2033,629,1,-980,0,119
2016-02-02 19:00,2088,2163,641,-7,-979,0,131
2016-02-02 20:00,2101,2176,592,-8,-980,0,140
2016-02-02 21:00,2104,2178,634,-17,-980,0,111
2016-02-02 22:00,2051,2122,634,-21,-977,0,100
2016-02-02 23:00,1962,2021,601,-15,-833,0,74
2016-02-03 00:00,1870,1922,603,-26,-705,0,49
2016-02-03 01:00,1825,1871,435,-22,-591,34,37
2016-02-03 02:00,1844,1908,748,-20,-954,35,51
2016-02-03 03:00,1872,1938,701,-20,-973,35,70
2016-02-03 04:00,1904,1969,448,-20,-975,35,109
2016-02-03 05:00,1953,2024,461,-19,-989,35,128
2016-02-03 06:00,2046,2121,335,-16,-991,34,152
2016-02-03 07:00,2260,2344,228,-24,-1020,5,171
2016-02-03 08:00,2456,2552,178,-2,-1019,0,186
2016-02-03 09:00,2438,2534,266,9,-1019,0,188
2016-02-03 10:00,2387,2479,247,-2,-1019,0,191
2016-02-03 11:00,2365,2456,341,-5,-1019,0,191
2016-02-03 12:00,2350,2441,432,-6,-1019,0,190
2016-02-03 13:00,2308,2396,385,-9,-1016,0,188
2016-02-03 14:00,2289,2376,363,-20,-994,23,185
2016-02-03 15:00,2263,2350,439,-23,-994,1,173
2016-02-03 16:00,2279,2367,425,-13,-997,26,171
2016-02-03 17:00,2327,2417,362,-13,-1002,31,151
2016-02-03 18:00,2323,2410,354,-19,-1009,1,137
2016-02-03 19:00,2297,2378,422,-22,-1018,19,127
2016-02-03 20:00,2189,2265,690,-24,-1009,0,99
2016-02-03 21:00,2091,2159,709,-28,-1019,9,30
2016-02-03 22:00,1990,2056,712,-25,-970,10,15
2016-02-03 23:00,1844,1900,674,-23,-854,19,-2
2016-02-04 00:00,1699,1743,652,-16,-719,19,-9
2016-02-04 01:00,1596,1628,431,-24,-501,0,-8
2016-02-04 02:00,1550,1581,426,-37,-499,0,8
2016-02-04 03:00,1513,1543,432,-37,-494,0,-5
2016-02-04 04:00,1528,1556,445,-36,-426,0,-31
2016-02-04 05:00,1561,1589,445,-34,-429,0,-37
2016-02-04 06:00,1605,1635,434,-32,-514,0,-21
2016-02-04 07:00,1770,1810,531,-22,-731,0,-16
2016-02-04 08:00,1936,1993,626,-14,-912,0,28
2016-02-04 09:00,1909,1965,628,-20,-949,0,21
2016-02-04 10:00,1863,1915,632,-22,-939,0,29
2016-02-04 11:00,1826,1876,605,-22,-939,0,61
2016-02-04 12:00,1813,1865,626,-20,-939,0,45
2016-02-04 13:00,1769,1819,585,-21,-937,0,105
2016-02-04 14:00,1751,1800,585,-27,-919,0,116
2016-02-04 15:00,1703,1753,610,-27,-917,0,108
2016-02-04 16:00,1687,1736,610,-31,-898,0,99
2016-02-04 17:00,1719,1768,603,-31,-898,0,119
2016-02-04 18:00,1777,1831,603,-23,-899,0,118
2016-02-04 19:00,1819,1877,622,-19,-900,0,115
2016-02-04 20:00,1829,1889,646,-20,-924,0,92
2016-02-04 21:00,1805,1863,632,-20,-924,1,92
2016-02-04 22:00,1747,1796,627,-27,-900,47,90
2016-02-04 23:00,1661,1695,414,-41,-633,1,71
2016-02-05 00:00,1572,1608,626,-34,-700,0,26
2016-02-05 01:00,1507,1534,417,-43,-531,0,28
2016-02-05 02:00,1507,1545,699,-53,-857,34,45
2016-02-05 03:00,1506,1547,696,-52,-857,35,64
2016-02-05 04:00,1515,1560,703,-50,-848,35,86
2016-02-05 05:00,1542,1585,592,-38,-754,35,88
2016-02-05 06:00,1601,1645,577,-31,-764,35,111
2016-02-05 07:00,1758,1813,582,-20,-883,34,121
2016-02-05 08:00,1934,1994,588,-18,-926,0,147
2016-02-05 09:00,1978,2039,547,-10,-950,1,143
2016-02-05 10:00,1979,2042,499,-9,-959,48,147
2016-02-05 11:00,1928,1991,492,2,-959,48,154
2016-02-05 12:00,1937,1997,537,4,-958,1,166
2016-02-05 13:00,1918,1976,619,14,-938,0,165
2016-02-05 14:00,1928,1988,635,11,-938,0,139
2016-02-05 15:00,1955,2012,650,7,-938,0,116
2016-02-05 16:00,2000,2058,631,-3,-938,0,133
2016-02-05 17:00,2036,2094,653,-7,-940,0,89
2016-02-05 18:00,2056,2115,557,-8,-959,33,109
2016-02-05 19:00,2059,2116,666,-7,-959,0,86
2016-02-05 20:00,2041,2098,725,-9,-958,1,69
2016-02-05 21:00,2010,2066,662,-10,-949,48,28
2016-02-05 22:00,1950,2004,685,-21,-940,50,1
2016-02-05 23:00,1878,1926,657,-32,-833,50,-11
2016-02-06 00:00,1809,1849,646,-30,-716,49,-14
2016-02-06 01:00,1760,1799,636,-37,-720,21,-22
2016-02-06 02:00,1760,1807,872,-55,-934,34,-25
2016-02-06 03:00,1764,1807,735,-57,-837,35,-19
2016-02-06 04:00,1796,1841,748,-58,-854,35,-19
2016-02-06 05:00,1848,1896,757,-60,-896,72,-25
2016-02-06 06:00,1917,1969,761,-62,-902,72,-17
2016-02-06 07:00,2025,2084,763,-60,-962,66,-12
2016-02-06 08:00,2136,2197,676,-54,-964,33,4
2016-02-06 09:00,2183,2245,620,-31,-978,64,35
2016-02-06 10:00,2142,2201,610,-30,-978,65,47
2016-02-06 11:00,2084,2141,631,-35,-978,65,33
2016-02-06 12:00,2028,2084,597,-24,-978,65,71
2016-02-06 13:00,1960,2018,593,-13,-978,98,76
2016-02-06 14:00,1886,1939,639,-18,-978,51,89
2016-02-06 15:00,1823,1874,636,-21,-977,50,109
2016-02-06 16:00,1820,1871,645,-22,-959,51,110
2016-02-06 17:00,1887,1942,591,-25,-959,99,112
2016-02-06 18:00,1997,2057,597,-19,-959,88,124
2016-02-06 19:00,2064,2127,607,-12,-959,65,113
2016-02-06 20:00,2047,2109,614,-22,-959,65,109
2016-02-06 21:00,2027,2087,616,-29,-959,65,95
2016-02-06 22:00,1988,2048,589,-35,-959,111,109
2016-02-06 23:00,1916,1975,685,-35,-956,134,102
2016-02-07 00:00,1836,1888,810,-46,-922,39,67
2016-02-07 01:00,1783,1834,775,-52,-897,60,70
2016-02-07 02:00,1760,1812,812,-57,-921,84,75
2016-02-07 03:00,1732,1780,673,-59,-836,95,65
2016-02-07 04:00,1740,1789,773,-61,-919,84,44
2016-02-07 05:00,1747,1796,794,-61,-919,49,20
2016-02-07 06:00,1772,1824,843,-61,-919,48,11
2016-02-07 07:00,1828,1881,781,-57,-923,34,10
2016-02-07 08:00,1899,1952,698,-52,-959,1,24
2016-02-07 09:00,1975,2029,684,-49,-959,58,24
2016-02-07 10:00,1982,2037,682,-46,-959,97,23
2016-02-07 11:00,1920,1973,708,-45,-959,99,22
2016-02-07 12:00,1882,1936,828,-42,-959,98,17
2016-02-07 13:00,1847,1899,831,-34,-959,51,9
2016-02-07 14:00,1799,1850,832,-33,-959,50,0
2016-02-07 15:00,1761,1810,883,-38,-959,50,8
2016-02-07 16:00,1767,1814,875,-39,-959,50,20
2016-02-07 17:00,1851,1899,835,-32,-959,50,20
2016-02-07 18:00,1981,2034,714,-28,-959,51,16
2016-02-07 19:00,2095,2156,711,-9,-959,97,29
2016-02-07 20:00,2116,2179,706,-11,-959,51,43
2016-02-07 21:00,2108,2169,708,-18,-959,49,31
2016-02-07 22:00,2063,2122,711,-28,-959,44,20
2016-02-07 23:00,1987,2042,818,-35,-959,1,9
2016-02-08 00:00,1917,1970,871,-48,-942,24,-3
2016-02-08 01:00,1867,1916,778,-47,-863,25,-19
2016-02-08 02:00,1881,1932,842,-38,-944,30,3
2016-02-08 03:00,1895,1948,844,-39,-944,31,4
2016-02-08 04:00,1946,2004,843,-39,-944,31,31
2016-02-08 05:00,2001,2063,822,-48,-945,31,77
2016-02-08 06:00,2109,2175,806,-54,-966,30,82
2016-02-08 07:00,2325,2399,760,-43,-996,21,81
2016-02-08 08:00,2531,2613,568,-36,-1006,0,89
2016-02-08 09:00,2494,2567,404,-27,-870,0,103
2016-02-08 10:00,2433,2502,466,-33,-870,0,78
2016-02-08 11:00,2377,2441,539,-28,-870,-1,47
2016-02-08 12:00,2344,2407,544,-24,-870,-1,46
2016-02-08 13:00,2304,2366,538,-17,-870,-2,42
2016-02-08 14:00,2290,2352,543,-18,-870,-3,33
2016-02-08 15:00,2287,2349,672,-18,-870,-3,33
2016-02-08 16:00,2313,2376,556,-18,-873,0,40
2016-02-08 17:00,2371,2443,680,-20,-903,63,50
2016-02-08 18:00,2403,2484,764,-11,-993,63,66
2016-02-08 19:00,2406,2485,795,-12,-993,-1,54
2016-02-08 20:00,2381,2455,791,-13,-993,-3,46
2016-02-08 21:00,2338,2408,698,-15,-993,-3,46
2016-02-08 22:00,2251,2318,826,2,-991,-3,24
2016-02-08 23:00,2124,2186,821,-23,-967,9,9
2016-02-09 00:00,2006,2062,834,-22,-886,25,-8
2016-02-09 01:00,1930,1972,476,-21,-562,0,-13
2016-02-09 02:00,1911,1966,852,-25,-930,0,-20
2016-02-09 03:00,1904,1958,867,-6,-949,0,-5
2016-02-09 04:00,1915,1969,873,-17,-949,0,-6
2016-02-09 05:00,1941,1997,871,-17,-949,0,-2
2016-02-09 06:00,1967,2023,848,-14,-949,0,3
2016-02-09 07:00,2151,2212,726,-4,-949,24,12
2016-02-09 08:00,2287,2351,601,10,-949,-1,36
2016-02-09 09:00,2289,2353,609,2,-949,-1,38
2016-02-09 10:00,2227,2287,566,-4,-870,-1,41
2016-02-09 11:00,2184,2244,533,-3,-864,0,42
2016-02-09 12:00,2139,2195,456,-4,-798,0,49
2016-02-09 13:00,2070,2123,462,-10,-814,1,66
2016-02-09 14:00,2017,2072,515,-5,-868,73,60
2016-02-09 15:00,1991,2048,518,-4,-877,99,70
2016-02-09 16:00,2059,2124,518,-3,-883,89,82
2016-02-09 17:00,2110,2177,518,0,-883,50,104
2016-02-09 18:00,2141,2210,567,6,-868,30,124
2016-02-09 19:00,2178,2254,657,7,-868,29,153
2016-02-09 20:00,2163,2239,648,-4,-899,0,148
2016-02-09 21:00,2126,2198,564,2,-899,0,148
2016-02-09 22:00,2048,2117,555,-2,-899,0,159
2016-02-09 23:00,1943,2007,669,-1,-899,0,155
2016-02-10 00:00,1847,1904,748,-8,-884,0,137
2016-02-10 01:00,1784,1831,601,-15,-717,0,114
2016-02-10 02:00,1777,1831,732,-21,-851,12,81
2016-02-10 03:00,1786,1840,753,-20,-881,16,75
2016-02-10 04:00,1802,1857,744,-20,-849,16,42
2016-02-10 05:00,1844,1899,718,-18,-849,13,51
2016-02-10 06:00,1923,1981,712,-16,-849,13,56
2016-02-10 07:00,2138,2204,662,-21,-900,18,87
2016-02-10 08:00,2346,2421,573,-16,-920,0,115
2016-02-10 09:00,2311,2386,670,6,-946,0,137
2016-02-10 10:00,2196,2262,587,7,-899,0,148
2016-02-10 11:00,2081,2140,436,11,-670,0,145
2016-02-10 12:00,1989,2048,448,18,-740,60,156
2016-02-10 13:00,1907,1965,453,20,-753,65,142
2016-02-10 14:00,1851,1908,454,19,-769,94,138
2016-02-10 15:00,1808,1864,452,18,-776,89,157
2016-02-10 16:00,1836,1893,545,12,-819,46,160
2016-02-10 17:00,1930,1996,610,5,-937,71,174
2016-02-10 18:00,2019,2092,719,11,-974,89,182
2016-02-10 19:00,2094,2170,725,11,-1018,70,179
2016-02-10 20:00,2096,2173,727,11,-1015,73,180
2016-02-10 21:00,2078,2151,728,5,-999,20,174
2016-02-10 22:00,2026,2097,733,-3,-997,0,161
2016-02-10 23:00,1921,1987,816,-12,-978,0,142
2016-02-11 00:00,1814,1875,822,-16,-886,20,130
2016-02-11 01:00,1756,1813,689,-22,-862,45,144
2016-02-11 02:00,1758,1820,797,-29,-940,48,147
2016-02-11 03:00,1763,1825,794,-23,-940,33,150
2016-02-11 04:00,1789,1852,794,-25,-940,36,152
2016-02-11 05:00,1829,1894,791,-25,-940,43,155
2016-02-11 06:00,1902,1969,788,-21,-939,24,162
2016-02-11 07:00,2095,2168,655,-15,-951,11,178
2016-02-11 08:00,2280,2361,583,-1,-976,0,189
2016-02-11 09:00,2253,2334,742,4,-999,0,189
2016-02-11 10:00,2161,2238,746,-3,-999,0,190
2016-02-11 11:00,2084,2160,748,-3,-999,25,189
2016-02-11 12:00,2030,2104,872,-1,-979,20,176
2016-02-11 13:00,1960,2032,872,-1,-977,25,187
2016-02-11 14:00,1927,1996,855,-1,-958,0,190
2016-02-11 15:00,1903,1972,722,2,-958,11,184
2016-02-11 16:00,1954,2024,712,10,-959,10,178
2016-02-11 17:00,2030,2101,716,13,-969,13,188
2016-02-11 18:00,2091,2164,879,6,-987,14,186
2016-02-11 19:00,2156,2233,934,11,-965,15,180
2016-02-11 20:00,2155,2233,937,8,-979,15,182
2016-02-11 21:00,2131,2207,943,-2,-979,14,174
2016-02-11 22:00,2070,2142,894,-10,-977,0,165
2016-02-11 23:00,1970,2037,941,-19,-963,0,146
2016-02-12 00:00,1879,1942,965,-31,-959,34,118
2016-02-12 01:00,1817,1867,730,-32,-851,8,69
2016-02-12 02:00,1830,1886,835,-38,-958,25,63
2016-02-12 03:00,1845,1900,841,-40,-958,1,62
2016-02-12 04:00,1834,1889,847,-33,-954,24,61
2016-02-12 05:00,1871,1927,897,-27,-848,0,39
2016-02-12 06:00,1988,2048,853,-23,-958,0,33
2016-02-12 07:00,2216,2285,746,-23,-960,0,45
2016-02-12 08:00,2443,2524,888,-20,-971,5,57
2016-02-12 09:00,2418,2501,997,-16,-970,25,75
2016-02-12 10:00,2332,2411,998,-24,-968,25,73
2016-02-12 11:00,2298,2371,988,-23,-968,0,84
2016-02-12 12:00,2228,2301,989,-14,-968,0,62
2016-02-12 13:00,2152,2223,981,-4,-968,0,62
2016-02-12 14:00,2116,2185,980,-3,-968,0,61
2016-02-12 15:00,2072,2139,980,-1,-964,0,79
2016-02-12 16:00,2062,2127,762,1,-922,0,70
2016-02-12 17:00,2117,2182,951,-7,-820,6,82
2016-02-12 18:00,2223,2285,818,-2,-706,18,117
2016-02-12 19:00,2336,2400,816,-1,-706,0,134
2016-02-12 20:00,2350,2415,840,-2,-706,0,110
2016-02-12 21:00,2345,2408,841,-5,-710,0,93
2016-02-12 22:00,2303,2368,860,-10,-741,0,99
2016-02-12 23:00,2235,2295,573,-13,-633,44,95
2016-02-13 00:00,2170,2228,649,-9,-614,46,89
2016-02-13 01:00,2132,2192,672,-14,-611,92,105
2016-02-13 02:00,2142,2204,890,-19,-676,46,122
2016-02-13 03:00,2156,2220,776,-26,-676,44,138
2016-02-13 04:00,2166,2231,688,-22,-676,44,144
2016-02-13 05:00,2204,2271,695,-26,-676,44,135
2016-02-13 06:00,2270,2341,744,-27,-680,44,146
2016-02-13 07:00,2366,2443,744,-30,-801,1,161
2016-02-13 08:00,2476,2559,673,-32,-804,0,176
2016-02-13 09:00,2552,2636,814,-24,-818,0,185
2016-02-13 10:00,2532,2622,935,-14,-969,0,181
2016-02-13 11:00,2477,2561,973,-6,-934,0,173
2016-02-13 12:00,2391,2472,999,-3,-872,0,182
2016-02-13 13:00,2308,2385,999,-1,-856,9,180
2016-02-13 14:00,2241,2316,961,-4,-847,9,163
2016-02-13 15:00,2183,2254,998,-4,-885,9,147
2016-02-13 16:00,2158,2224,972,-7,-876,0,134
2016-02-13 17:00,2214,2283,999,-8,-883,0,130
2016-02-13 18:00,2297,2367,997,-4,-845,0,109
2016-02-13 19:00,2354,2415,867,-1,-521,0,133
2016-02-13 20:00,2347,2416,845,-6,-795,0,117
2016-02-13 21:00,2317,2382,893,-15,-741,0,54
2016-02-13 22:00,2276,2340,969,-23,-808,0,44
2016-02-13 23:00,2214,2277,998,-32,-833,0,45
2016-02-14 00:00,2152,2211,951,-40,-771,1,78
2016-02-14 01:00,2114,2172,950,-46,-714,48,88
2016-02-14 02:00,2104,2166,950,-53,-799,50,86
2016-02-14 03:00,2107,2172,950,-55,-864,50,46
2016-02-14 04:00,2129,2196,950,-55,-863,50,40
2016-02-14 05:00,2172,2241,949,-54,-863,50,32
2016-02-14 06:00,2228,2296,945,-51,-874,50,64
2016-02-14 07:00,2312,2384,948,-49,-909,50,105
2016-02-14 08:00,2405,2479,876,-50,-868,50,127
2016-02-14 09:00,2500,2580,877,-44,-880,50,117
2016-02-14 10:00,2521,2605,997,-37,-949,50,65
2016-02-14 11:00,2461,2541,999,-33,-906,50,73
2016-02-14 12:00,2383,2460,999,-33,-906,50,69
2016-02-14 13:00,2312,2386,999,-31,-906,48,74
2016-02-14 14:00,2255,2325,999,-32,-904,1,74
2016-02-14 15:00,2195,2264,999,-33,-908,0,85
2016-02-14 16:00,2199,2268,999,-32,-908,0,70
2016-02-14 17:00,2294,2366,999,-29,-903,0,70
2016-02-14 18:00,2419,2492,999,-25,-864,0,122
2016-02-14 19:00,2545,2625,999,-24,-870,0,122
2016-02-14 20:00,2569,2651,999,-26,-872,0,139
2016-02-14 21:00,2566,2647,999,-26,-874,0,144
2016-02-14 22:00,2517,2596,999,-30,-874,0,124
2016-02-14 23:00,2421,2495,965,-38,-841,0,38
2016-02-15 00:00,2342,2411,997,-45,-755,0,42
2016-02-15 01:00,2302,2372,998,-50,-850,0,18
2016-02-15 02:00,2305,2376,950,-50,-851,0,20
2016-02-15 03:00,2329,2401,922,-51,-851,0,19
2016-02-15 04:00,2370,2443,917,-51,-851,0,29
2016-02-15 05:00,2417,2492,916,-50,-849,0,28
2016-02-15 06:00,2517,2595,949,-46,-818,0,42
2016-02-15 07:00,2730,2819,950,-38,-863,0,51
2016-02-15 08:00,2923,3021,949,-38,-866,0,56
2016-02-15 09:00,2870,2966,947,-22,-988,0,81
2016-02-15 10:00,2725,2815,998,-18,-853,0,90
2016-02-15 11:00,2601,2685,999,-8,-852,0,93
2016-02-15 12:00,2498,2577,998,-1,-851,0,98
2016-02-15 13:00,2364,2438,995,14,-851,0,99
2016-02-15 14:00,2270,2340,861,14,-863,0,98
2016-02-15 15:00,2204,2276,996,14,-1000,0,84
2016-02-15 16:00,2179,2251,999,9,-999,0,90
2016-02-15 17:00,2232,2306,980,10,-982,0,100
2016-02-15 18:00,2319,2396,999,16,-988,0,120
2016-02-15 19:00,2400,2475,989,18,-851,0,137
2016-02-15 20:00,2405,2479,990,12,-863,0,101
2016-02-15 21:00,2381,2461,999,6,-1000,0,95
2016-02-15 22:00,2309,2387,999,-3,-998,0,81
2016-02-15 23:00,2197,2270,988,-10,-966,0,94
2016-02-16 00:00,2117,2184,996,-25,-866,0,72
2016-02-16 01:00,2059,2126,863,-27,-895,25,72
2016-02-16 02:00,2026,2095,859,-34,-959,25,52
2016-02-16 03:00,2009,2077,841,-34,-958,24,67
2016-02-16 04:00,2001,2068,844,-31,-958,0,41
2016-02-16 05:00,2014,2081,849,-23,-958,0,38
2016-02-16 06:00,2071,2139,855,-21,-960,0,44
2016-02-16 07:00,2217,2291,815,-13,-988,0,58
2016-02-16 08:00,2354,2432,756,-17,-990,0,69
2016-02-16 09:00,2327,2404,823,-11,-1002,0,54
2016-02-16 10:00,2280,2353,829,-10,-1002,0,52
2016-02-16 11:00,2243,2311,839,-8,-1002,0,19
2016-02-16 12:00,2176,2244,871,6,-1000,0,20
2016-02-16 13:00,2080,2148,847,-4,-978,0,27
2016-02-16 14:00,2014,2076,784,-5,-969,0,14
2016-02-16 15:00,1931,1987,836,-5,-968,0,6
2016-02-16 16:00,1904,1956,773,-8,-958,0,1
2016-02-16 17:00,1949,2007,836,-8,-958,0,3
2016-02-16 18:00,1969,2031,839,-6,-958,0,9
2016-02-16 19:00,1976,2038,840,-2,-958,0,12
2016-02-16 20:00,1953,2012,840,-6,-949,1,0
2016-02-16 21:00,1906,1960,796,-9,-949,48,-6
2016-02-16 22:00,1809,1864,955,-18,-949,50,-19
2016-02-16 23:00,1696,1746,895,-26,-927,74,-26
2016-02-17 00:00,1585,1631,971,-34,-888,74,-37
2016-02-17 01:00,1492,1529,815,-44,-766,50,-34
2016-02-17 02:00,1450,1493,870,-40,-879,29,-34
2016-02-17 03:00,1428,1470,923,-47,-879,0,-14
2016-02-17 04:00,1418,1460,966,-47,-879,0,-26
2016-02-17 05:00,1427,1469,914,-46,-879,0,-23
2016-02-17 06:00,1479,1519,874,-44,-881,22,-7
2016-02-17 07:00,1597,1639,845,-37,-918,49,19
2016-02-17 08:00,1765,1809,727,-29,-901,48,36
2016-02-17 09:00,1764,1809,816,-23,-927,1,24
2016-02-17 10:00,1714,1761,786,-30,-909,25,59
2016-02-17 11:00,1684,1730,749,-29,-909,26,73
2016-02-17 12:00,1673,1722,610,-29,-909,49,62
2016-02-17 13:00,1636,1686,639,-32,-908,50,81
2016-02-17 14:00,1633,1685,742,-33,-889,50,105
2016-02-17 15:00,1619,1670,727,-34,-890,50,102
2016-02-17 16:00,1626,1677,714,-34,-909,50,144
2016-02-17 17:00,1679,1730,638,-22,-909,50,138
2016-02-17 18:00,1728,1780,641,-19,-909,50,139
2016-02-17 19:00,1830,1880,660,-14,-909,50,89
2016-02-17 20:00,1853,1904,656,-9,-910,50,78
2016-02-17 21:00,1847,1897,607,-16,-939,50,89
2016-02-17 22:00,1820,1871,668,-22,-939,74,85
2016-02-17 23:00,1756,1809,818,-34,-939,99,58
2016-02-18 00:00,1667,1719,873,-37,-920,98,81
2016-02-18 01:00,1601,1640,605,-35,-735,51,101
2016-02-18 02:00,1610,1654,825,-41,-927,48,94
2016-02-18 03:00,1616,1662,827,-30,-910,2,67
2016-02-18 04:00,1643,1694,831,-29,-910,47,71
2016-02-18 05:00,1679,1734,833,-29,-910,1,87
2016-02-18 06:00,1745,1804,829,-28,-910,1,96
2016-02-18 07:00,1971,2039,614,-22,-910,63,142
2016-02-18 08:00,2167,2245,478,-13,-931,65,167
2016-02-18 09:00,2146,2224,501,-8,-968,65,173
2016-02-18 10:00,2053,2125,499,-8,-968,65,175
2016-02-18 11:00,1967,2035,537,-12,-972,94,179
2016-02-18 12:00,1892,1955,586,-14,-968,99,161
2016-02-18 13:00,1786,1842,587,-14,-966,101,161
2016-02-18 14:00,1781,1837,594,-16,-949,148,151
2016-02-18 15:00,1748,1803,593,-17,-949,148,146
2016-02-18 16:00,1709,1761,592,-18,-949,96,141
2016-02-18 17:00,1757,1811,599,-25,-949,99,135
2016-02-18 18:00,1821,1881,599,-21,-950,100,138
2016-02-18 19:00,1924,1989,584,-14,-968,99,145
2016-02-18 20:00,1946,2011,584,-13,-968,51,140
2016-02-18 21:00,1963,2027,622,-15,-968,50,132
2016-02-18 22:00,1921,1985,575,-29,-965,49,135
2016-02-18 23:00,1843,1910,664,-33,-939,5,129
2016-02-19 00:00,1757,1818,778,-42,-939,-49,115
2016-02-19 01:00,1714,1761,587,-48,-760,21,101
2016-02-19 02:00,1738,1790,834,-37,-939,49,73
2016-02-19 03:00,1762,1814,813,-38,-939,48,81
2016-02-19 04:00,1801,1853,799,-35,-939,1,81
2016-02-19 05:00,1861,1919,815,-36,-958,0,87
2016-02-19 06:00,1945,2010,810,-40,-960,0,90
2016-02-19 07:00,2157,2231,591,-33,-981,0,104
2016-02-19 08:00,2360,2443,386,-29,-1011,0,146
2016-02-19 09:00,2298,2381,425,-20,-1016,0,158
2016-02-19 10:00,2159,2237,498,-4,-996,0,163
2016-02-19 11:00,2061,2136,565,3,-972,0,182
2016-02-19 12:00,1987,2055,584,-14,-972,0,171
2016-02-19 13:00,1890,1955,586,-20,-972,46,170
2016-02-19 14:00,1830,1886,587,-21,-972,1,157
2016-02-19 15:00,1781,1832,590,-21,-972,0,152
2016-02-19 16:00,1800,1853,594,-20,-972,0,149
2016-02-19 17:00,1818,1875,598,-17,-972,0,152
2016-02-19 18:00,1863,1924,598,-11,-972,0,158
2016-02-19 19:00,1935,2002,598,-12,-972,0,167
2016-02-19 20:00,1942,2008,598,-12,-972,0,168
2016-02-19 21:00,1935,1997,600,-17,-972,0,168
2016-02-19 22:00,1896,1956,601,-26,-972,38,163
2016-02-19 23:00,1843,1901,720,-33,-972,24,140
2016-02-20 00:00,1780,1834,823,-40,-940,2,128
2016-02-20 01:00,1740,1780,394,-52,-533,79,118
2016-02-20 02:00,1743,1797,733,-62,-934,117,104
2016-02-20 03:00,1743,1797,695,-60,-889,96,86
2016-02-20 04:00,1757,1814,652,-59,-889,153,85
2016-02-20 05:00,1776,1837,642,-58,-889,163,140
2016-02-20 06:00,1813,1875,644,-56,-889,148,156
2016-02-20 07:00,1901,1968,661,-55,-964,111,121
2016-02-20 08:00,1990,2060,614,-54,-964,69,139
2016-02-20 09:00,2064,2136,613,-46,-968,46,147
2016-02-20 10:00,2105,2177,624,-42,-968,18,140
2016-02-20 11:00,2102,2173,622,-41,-967,24,139
2016-02-20 12:00,2079,2146,630,-43,-949,26,131
2016-02-20 13:00,2043,2105,660,-44,-949,49,122
2016-02-20 14:00,2014,2073,706,-47,-948,50,86
2016-02-20 15:00,1993,2051,772,-48,-950,60,37
2016-02-20 16:00,1987,2047,797,-45,-950,61,37
2016-02-20 17:00,2021,2082,744,-41,-936,61,38
2016-02-20 18:00,2026,2080,526,-38,-800,82,41
2016-02-20 19:00,2023,2081,722,-30,-960,50,23
2016-02-20 20:00,1966,2021,727,-29,-972,52,17
2016-02-20 21:00,1899,1950,727,-30,-967,6,4
2016-02-20 22:00,1822,1870,773,-35,-919,72,-3
2016-02-20 23:00,1733,1779,827,-41,-913,21,-7
2016-02-21 00:00,1638,1681,846,-47,-853,34,-16
2016-02-21 01:00,1569,1610,835,-48,-853,35,-8
2016-02-21 02:00,1525,1560,798,-52,-752,35,-6
2016-02-21 03:00,1505,1538,785,-52,-734,35,17
2016-02-21 04:00,1493,1519,574,-52,-536,35,35
2016-02-21 05:00,1499,1525,503,-52,-536,35,28
2016-02-21 06:00,1522,1548,506,-50,-568,35,16
2016-02-21 07:00,1584,1622,688,-48,-874,54,43
2016-02-21 08:00,1649,1689,601,-44,-851,55,61
2016-02-21 09:00,1743,1792,736,-38,-919,54,87
2016-02-21 10:00,1793,1844,644,-26,-917,50,100
2016-02-21 11:00,1788,1840,624,-21,-899,51,107
2016-02-21 12:00,1777,1832,586,-21,-899,123,120
2016-02-21 13:00,1767,1823,590,-26,-899,125,136
2016-02-21 14:00,1737,1792,597,-28,-899,125,120
2016-02-21 15:00,1699,1753,593,-28,-899,125,127
2016-02-21 16:00,1694,1747,591,-31,-899,125,137
2016-02-21 17:00,1742,1797,589,-33,-900,124,169
2016-02-21 18:00,1792,1847,588,-20,-919,85,181
2016-02-21 19:00,1850,1906,597,-20,-919,51,177
2016-02-21 20:00,1859,1916,599,-27,-919,85,165
2016-02-21 21:00,1841,1899,601,-30,-920,124,154
2016-02-21 22:00,1793,1848,654,-32,-931,123,140
2016-02-21 23:00,1712,1758,665,-44,-832,76,109
2016-02-22 00:00,1644,1683,632,-55,-720,75,71
2016-02-22 01:00,1605,1644,651,-59,-744,108,49
2016-02-22 02:00,1602,1633,445,-63,-502,75,38
2016-02-22 03:00,1620,1650,441,-64,-502,74,14
2016-02-22 04:00,1660,1691,450,-63,-502,74,2
2016-02-22 05:00,1724,1757,454,-61,-502,73,-3
2016-02-22 06:00,1839,1877,453,-56,-506,2,9
2016-02-22 07:00,2070,2122,445,-47,-653,24,30
2016-02-22 08:00,2306,2376,641,-39,-968,0,31
2016-02-22 09:00,2267,2336,645,-36,-968,1,46
2016-02-22 10:00,2167,2235,645,-35,-968,48,61
2016-02-22 11:00,2108,2172,637,-34,-968,50,74
2016-02-22 12:00,2063,2125,625,-33,-968,50,83
2016-02-22 13:00,1993,2051,611,-26,-968,50,100
2016-02-22 14:00,1934,1989,606,-24,-968,50,109
2016-02-22 15:00,1887,1941,602,-24,-968,50,109
2016-02-22 16:00,1877,1932,600,-23,-950,50,114
2016-02-22 17:00,1917,1967,411,-21,-767,49,121
2016-02-22 18:00,1980,2044,585,-12,-949,28,144
2016-02-22 19:00,2105,2175,594,-10,-949,0,143
2016-02-22 20:00,2147,2219,605,-11,-958,0,139
2016-02-22 21:00,2146,2218,618,-14,-958,0,115
2016-02-22 22:00,2110,2178,645,-27,-957,0,85
2016-02-22 23:00,2028,2086,649,-35,-832,0,54
2016-02-23 00:00,1952,2004,654,-43,-730,0,37
2016-02-23 01:00,1916,1967,788,-48,-850,0,27
2016-02-23 02:00,1922,1972,590,-47,-682,19,39
2016-02-23 03:00,1954,2007,588,-48,-684,21,45
2016-02-23 04:00,1992,2046,569,-46,-686,23,78
2016-02-23 05:00,2050,2106,551,-41,-694,24,104
2016-02-23 06:00,2149,2211,536,-34,-801,23,113
2016-02-23 07:00,2367,2444,531,-26,-945,5,151
2016-02-23 08:00,2559,2651,440,-13,-977,53,166
2016-02-23 09:00,2471,2560,351,-7,-977,55,181
2016-02-23 10:00,2330,2419,367,1,-968,55,185
2016-02-23 11:00,2235,2320,365,1,-968,53,183
2016-02-23 12:00,2154,2234,443,2,-968,3,180
2016-02-23 13:00,2061,2137,576,-2,-971,-30,180
2016-02-23 14:00,1995,2069,589,-4,-978,-51,179
2016-02-23 15:00,1956,2028,563,-6,-944,-50,171
2016-02-23 16:00,1942,2015,564,-9,-944,-1,175
2016-02-23 17:00,1988,2063,564,-8,-945,0,184
2016-02-23 18:00,2043,2121,564,-5,-956,0,183
2016-02-23 19:00,2154,2238,590,-4,-981,0,182
2016-02-23 20:00,2196,2281,586,-7,-981,0,182
2016-02-23 21:00,2196,2279,581,-14,-981,0,181
2016-02-23 22:00,2139,2220,606,-23,-980,0,173
2016-02-23 23:00,2041,2117,723,-32,-967,0,147
2016-02-24 00:00,1952,2024,749,-39,-913,39,124
2016-02-24 01:00,1883,1950,696,-53,-863,39,111
2016-02-24 02:00,1877,1950,787,-47,-937,36,99
2016-02-24 03:00,1902,1974,832,-48,-938,1,101
2016-02-24 04:00,1923,1996,779,-46,-938,44,116
2016-02-24 05:00,1949,2022,695,-44,-938,29,118
2016-02-24 06:00,1990,2065,697,-39,-936,25,99
2016-02-24 07:00,2157,2236,391,-28,-892,35,115
2016-02-24 08:00,2324,2412,451,-19,-988,0,158
2016-02-24 09:00,2288,2375,482,-16,-988,0,152
2016-02-24 10:00,2227,2311,616,-19,-988,0,138
2016-02-24 11:00,2185,2266,628,-18,-988,0,138
2016-02-24 12:00,2138,2217,625,-18,-988,0,116
2016-02-24 13:00,2080,2157,610,-19,-986,0,123
2016-02-24 14:00,2084,2159,582,-20,-969,0,135
2016-02-24 15:00,2090,2166,584,-19,-967,0,140
2016-02-24 16:00,2089,2164,549,-19,-933,0,142
2016-02-24 17:00,2125,2193,473,-20,-946,-44,122
2016-02-24 18:00,2125,2191,369,-14,-719,-46,113
2016-02-24 19:00,2133,2202,403,-11,-775,-46,107
2016-02-24 20:00,2116,2194,614,-16,-988,-45,120
2016-02-24 21:00,2060,2138,590,-24,-963,0,136
2016-02-24 22:00,1976,2046,577,-84,-945,0,124
2016-02-24 23:00,1852,1904,523,-87,-779,0,100
2016-02-25 00:00,1731,1779,678,-88,-809,0,80
2016-02-25 01:00,1604,1641,520,-84,-647,0,86
2016-02-25 02:00,1580,1615,565,-32,-605,0,36
2016-02-25 03:00,1600,1636,693,-32,-595,0,1
2016-02-25 04:00,1600,1637,553,-21,-499,0,9
2016-02-25 05:00,1606,1641,477,-23,-500,0,32
2016-02-25 06:00,1640,1675,422,-54,-502,0,53
2016-02-25 07:00,1774,1814,421,-48,-625,0,35
2016-02-25 08:00,1897,1945,448,-36,-751,0,15
2016-02-25 09:00,1882,1931,460,-30,-759,0,-6
2016-02-25 10:00,1836,1887,554,-24,-842,0,-18
2016-02-25 11:00,1843,1891,561,-21,-751,0,-20
2016-02-25 12:00,1838,1887,697,-21,-751,0,-19
2016-02-25 13:00,1812,1861,699,-23,-751,0,-13
2016-02-25 14:00,1782,1829,699,-23,-751,0,0
2016-02-25 15:00,1739,1785,699,-22,-751,0,-15
2016-02-25 16:00,1743,1789,701,-22,-754,0,-7
2016-02-25 17:00,1783,1834,778,-23,-808,0,-4
2016-02-25 18:00,1776,1823,688,-27,-806,0,2
2016-02-25 19:00,1790,1835,736,-24,-851,0,8
2016-02-25 20:00,1777,1822,867,-23,-851,0,25
2016-02-25 21:00,1729,1773,994,-38,-843,0,-9
2016-02-25 22:00,1664,1704,925,-89,-751,0,-31
2016-02-25 23:00,1575,1612,962,-42,-667,29,-40
2016-02-26 00:00,1491,1524,953,-40,-544,29,-49
2016-02-26 01:00,1426,1459,924,-54,-581,0,-38
2016-02-26 02:00,1419,1450,899,-59,-502,0,-54
2016-02-26 03:00,1422,1453,899,-60,-502,0,-53
2016-02-26 04:00,1436,1467,899,-63,-502,0,-48
2016-02-26 05:00,1464,1495,899,-57,-510,0,-39
2016-02-26 06:00,1543,1576,896,-70,-607,0,-29
2016-02-26 07:00,1693,1731,738,-65,-682,1,-7
2016-02-26 08:00,1873,1918,602,-54,-751,48,-17
2016-02-26 09:00,1887,1932,650,-48,-759,50,-7
2016-02-26 10:00,1877,1926,789,-46,-844,50,-7
2016-02-26 11:00,1861,1908,753,-46,-772,50,-6
2016-02-26 12:00,1856,1903,644,-46,-774,50,9
2016-02-26 13:00,1832,1881,689,-49,-808,84,13
2016-02-26 14:00,1852,1902,691,-54,-813,85,3
2016-02-26 15:00,1856,1906,720,-54,-815,85,3
2016-02-26 16:00,1903,1955,615,-56,-812,85,9
2016-02-26 17:00,1955,2007,457,-57,-787,84,37
2016-02-26 18:00,2024,2077,482,-51,-822,37,46
2016-02-26 19:00,2068,2129,574,-48,-913,83,43
2016-02-26 20:00,2064,2124,580,-48,-913,85,52
2016-02-26 21:00,2041,2100,586,-51,-908,85,51
2016-02-26 22:00,1997,2055,747,-58,-890,85,20
2016-02-26 23:00,1933,1987,797,-65,-799,85,10
2016-02-27 00:00,1872,1920,799,-68,-650,84,-7
2016-02-27 01:00,1830,1876,803,-59,-643,70,36
2016-02-27 02:00,1827,1871,778,-77,-559,70,-9
2016-02-27 03:00,1838,1885,862,-78,-656,70,-14
2016-02-27 04:00,1876,1922,770,-78,-673,70,-13
2016-02-27 05:00,1908,1955,725,-79,-654,70,-14
2016-02-27 06:00,1971,2020,679,-76,-652,70,-14
2016-02-27 07:00,2066,2116,534,-74,-640,70,-1
2016-02-27 08:00,2156,2211,511,-68,-750,69,18
2016-02-27 09:00,2171,2227,467,-52,-713,50,26
2016-02-27 10:00,2140,2198,557,-47,-799,50,29
2016-02-27 11:00,2079,2135,497,-44,-746,50,23
2016-02-27 12:00,2025,2084,596,-36,-860,84,43
2016-02-27 13:00,1942,2000,566,-34,-857,85,68
2016-02-27 14:00,1855,1914,624,-35,-931,85,88
2016-02-27 15:00,1789,1847,768,-43,-951,85,112
2016-02-27 16:00,1767,1825,732,-48,-905,85,122
2016-02-27 17:00,1804,1864,749,-46,-919,89,134
2016-02-27 18:00,1886,1945,683,-35,-932,75,137
2016-02-27 19:00,1988,2057,711,-34,-954,89,136
2016-02-27 20:00,2014,2081,728,-36,-956,99,114
2016-02-27 21:00,1991,2053,846,-40,-969,99,56
2016-02-27 22:00,1947,2008,966,-44,-955,85,15
2016-02-27 23:00,1876,1929,911,-58,-769,84,-9
2016-02-28 00:00,1798,1846,930,-64,-707,79,-20
2016-02-28 01:00,1733,1774,907,-69,-571,44,-25
2016-02-28 02:00,1697,1736,907,-68,-502,0,-19
2016-02-28 03:00,1677,1713,766,-66,-502,0,-34
2016-02-28 04:00,1671,1706,761,-66,-501,0,-22
2016-02-28 05:00,1672,1707,768,-70,-499,0,-37
2016-02-28 06:00,1699,1734,767,-66,-499,0,-37
2016-02-28 07:00,1759,1797,769,-63,-590,34,-30
2016-02-28 08:00,1831,1876,865,-60,-705,49,-23
2016-02-28 09:00,1912,1960,819,-53,-713,50,-6
2016-02-28 10:00,1947,1997,798,-40,-806,50,7
2016-02-28 11:00,1922,1971,748,-37,-828,51,28
2016-02-28 12:00,1802,1852,760,-37,-829,98,15
2016-02-28 13:00,1842,1894,783,-37,-824,100,32
2016-02-28 14:00,1797,1850,759,-38,-787,124,41
2016-02-28 15:00,1752,1802,715,-39,-718,125,80
2016-02-28 16:00,1760,1809,638,-39,-714,125,103
2016-02-28 17:00,1812,1863,574,-34,-705,125,114
2016-02-28 18:00,1886,1943,538,-27,-726,150,129
2016-02-28 19:00,1980,2048,669,-19,-972,147,129
2016-02-28 20:00,2002,2070,677,-19,-972,123,140
2016-02-28 21:00,1984,2049,678,-23,-972,106,137
2016-02-28 22:00,1924,1984,770,-26,-944,36,126
2016-02-28 23:00,1831,1878,537,-35,-624,35,122
2016-02-29 00:00,1750,1792,487,-42,-547,35,129
2016-02-29 01:00,1699,1741,525,-46,-506,36,129
2016-02-29 02:00,1693,1740,574,-55,-555,108,129
2016-02-29 03:00,1705,1750,522,-56,-510,110,140
2016-02-29 04:00,1722,1766,530,-64,-522,110,138
2016-02-29 05:00,1757,1800,533,-66,-523,110,137
2016-02-29 06:00,1836,1881,476,-66,-551,109,137
2016-02-29 07:00,2024,2077,424,-57,-630,75,140
2016-02-29 08:00,2198,2260,449,-44,-778,74,134
2016-02-29 09:00,2196,2265,644,-38,-1002,74,122
2016-02-29 10:00,2153,2218,651,-29,-975,74,104
2016-02-29 11:00,2099,2155,474,-28,-800,74,87
2016-02-29 12:00,2024,2074,475,-15,-800,31,82
2016-02-29 13:00,1904,1951,681,-20,-800,48,72
2016-02-29 14:00,1822,1865,694,-20,-800,1,79
2016-02-29 15:00,1772,1812,698,-21,-800,0,69
2016-02-29 16:00,1769,1809,651,-21,-800,0,71
2016-02-29 17:00,1820,1863,626,-17,-800,0,89
2016-02-29 18:00,1843,1889,598,-14,-800,0,50
2016-02-29 19:00,1868,1911,525,-26,-525,0,38
2016-02-29 20:00,1872,1915,497,-24,-526,0,42
2016-02-29 21:00,1836,1883,524,-26,-800,0,32
2016-02-29 22:00,1763,1805,525,-31,-778,0,74
2016-02-29 23:00,1652,1685,523,-44,-517,0,61
